#,Job Title,Location,Posted,Job ID,URL,Status
0,"Urgent Req -- SAP P2P Functional Lead -- Grapevine, Texas -- Having interview slots","Grapevine, Texas, USA",11:15 PM 13-Jul-26,3517432,https://jobs.nvoids.com/job_details.jsp?id=3517432&uid=bb50a852ef17436ea32aa0b9efd38aad,new
0,"Senior Data Engineer Investments Data Platform Snowflake: New York, NY Hybrid","York, New York, USA",11:14 PM 13-Jul-26,3517431,https://jobs.nvoids.com/job_details.jsp?id=3517431&uid=83155c194f6249adba64d0546f1e6e94,new
0,"Java Full Stack Technical Lead-Local to New Jersey, NJ or Cary NC only","Cary, North Carolina, USA",11:14 PM 13-Jul-26,3517430,https://jobs.nvoids.com/job_details.jsp?id=3517430&uid=dac4c387f9ca4dbfb9ec6e42149d7c36,new
0,SR UAT Analyst TOSCA,"Remote, Remote, USA",11:14 PM 13-Jul-26,3517429,https://jobs.nvoids.com/job_details.jsp?id=3517429&uid=7e947e245a1b4aa2988683f2734995c2,new
0,Salesforce Commerce Cloud (SFCC) Technical Lead | Only US,"Commerce, Georgia, USA",11:14 PM 13-Jul-26,3517428,https://jobs.nvoids.com/job_details.jsp?id=3517428&uid=4054683d6c684da8baba7d18e273f8ef,new
0,"Contract || AWS DevOps Engineer || Charlotte, NC - onsite","Charlotte, North Carolina, USA",11:14 PM 13-Jul-26,3517427,https://jobs.nvoids.com/job_details.jsp?id=3517427&uid=b9ccdcda7ba143cfa8f286e1c7487842,new
0,UPDATED HOT LIST OF ITSYNTAX,"Remote, Remote, USA",11:13 PM 13-Jul-26,3517426,https://jobs.nvoids.com/job_details.jsp?id=3517426&uid=36aa5552376e443da73b1b551279d911,new
0,"ONLY FOR W2 CANDIDATE|| Senior Full Stack Java Developer || Michigan ,Lansing(Onsite) || Phone || Skype + Face-to-Face","Lansing, Michigan, USA",11:13 PM 13-Jul-26,3517425,https://jobs.nvoids.com/job_details.jsp?id=3517425&uid=dc62dd49a0ca4244a4436abbe231bfa7,new
0,Apache Flink Developer,"Apache, Oklahoma, USA",11:13 PM 13-Jul-26,3517424,https://jobs.nvoids.com/job_details.jsp?id=3517424&uid=fcc6ccf5ff8b43659f030cda7716734d,new
0,Excellent Consultant for C2C: RPA UIPath Developer Lead Consultant,"San Leandro, California, USA",11:13 PM 13-Jul-26,3517423,https://jobs.nvoids.com/job_details.jsp?id=3517423&uid=4f34e3aee3944a2f9a1d0596c2f5ece7,new
0,Job Open For Java Full Stack Developer (Banking Domain) - NYC/NJ Locals - Morgan Stanley | Only...,"NYC, New York, USA",11:13 PM 13-Jul-26,3517422,https://jobs.nvoids.com/job_details.jsp?id=3517422&uid=b4ac88856cfe4d629cd3e7eb87febd3a,new
0,"REQ - Lead Java Microservices Developer / White Plains, NY - (Onsite)","White Plains, New York, USA",11:13 PM 13-Jul-26,3517421,https://jobs.nvoids.com/job_details.jsp?id=3517421&uid=874aee334eb04a94ac91b7b79670252b,new
0,Microsoft 365 Intune Admin,"Remote, Remote, USA",11:13 PM 13-Jul-26,3517420,https://jobs.nvoids.com/job_details.jsp?id=3517420&uid=506d256f20594cea81d8be75cd78b5dc,new
0,Client Looking For Cloud Architect,"Malvern, Pennsylvania, USA",11:13 PM 13-Jul-26,3517419,https://jobs.nvoids.com/job_details.jsp?id=3517419&uid=a65ea580bb0a42189e29fe223b643c1d,new
0,"Solution Architect, Philadelphia,PA (Onsite)","Philadelphia, Pennsylvania, USA",11:12 PM 13-Jul-26,3517418,https://jobs.nvoids.com/job_details.jsp?id=3517418&uid=23ad70c5be974fc8a69f54d7a7893203,new
0,"Incident Management Specialist -Pega, Salesforce and Oracle EBS For San Jose CA or RTP NC","San Jose, California, USA",11:12 PM 13-Jul-26,3517417,https://jobs.nvoids.com/job_details.jsp?id=3517417&uid=a1c8c5dedb1547e0aeaa906799413bca,new
0,"AI Engineer GenAI or Agentic Systems- Charlotte, NC or Dallas, TX(onsite)-need only locals-2 F2F Interviews( One is with Capco Team a7 Final round with Client)","Charlotte, North Carolina, USA",11:12 PM 13-Jul-26,3517416,https://jobs.nvoids.com/job_details.jsp?id=3517416&uid=ac85fedfffaa4f40aca6aff72b3f059d,new
0,Hotlist,"Remote, Remote, USA",11:12 PM 13-Jul-26,3517415,https://jobs.nvoids.com/job_details.jsp?id=3517415&uid=bfdf4f5d742147cebe63aff67c862814,new
0,"Sr. Salesforce Developer with Recent Public Sector exp (Licensing, Permitting Inspections) - Location: Remote","Remote, Remote, USA",11:12 PM 13-Jul-26,3517414,https://jobs.nvoids.com/job_details.jsp?id=3517414&uid=9f53c06ffd824df092518024a4c3f5aa,new
0,Java Market Data Developer (Consultant) || NY || Hybrid,"Remote, Remote, USA",11:12 PM 13-Jul-26,3517413,https://jobs.nvoids.com/job_details.jsp?id=3517413&uid=a1b960f52de741cbae8572a2a35d9805,new
0,Senior Candidates Available on Bench,"Remote, Remote, USA",11:12 PM 13-Jul-26,3517412,https://jobs.nvoids.com/job_details.jsp?id=3517412&uid=6562c7364d48467d9ee682e0388d14f5,new
0,"Senior Application Engineer with Pega || Worcester, Massachusetts || locals only","Worcester, New York, USA",11:12 PM 13-Jul-26,3517411,https://jobs.nvoids.com/job_details.jsp?id=3517411&uid=44e52e19678342b7bdae834b9c6481d8,new
0,"Hiring for Data Scientist in Boston, MA (Onsite)","Boston, Massachusetts, USA",11:11 PM 13-Jul-26,3517410,https://jobs.nvoids.com/job_details.jsp?id=3517410&uid=2bb9e5691a2c43e4b0a78b410c181399,new
0,GA DOR - SharePoint Developer (806973) - or - Must be local to Atlanta,"Atlanta, Georgia, USA",11:11 PM 13-Jul-26,3517409,https://jobs.nvoids.com/job_details.jsp?id=3517409&uid=6476b4ad517c4d9b818be30c8bbbd257,new
0,"React Developer Malvern, PA or Dallas, TX (Hybrid) Face to Face Mandatory","Dallas, Texas, USA",11:11 PM 13-Jul-26,3517408,https://jobs.nvoids.com/job_details.jsp?id=3517408&uid=c71733cc3fe34368b1d87d9050fa5b58,new
0,Salesforce Commerce Cloud (SFCC) Technical Lead | Only US,"Commerce, Georgia, USA",11:11 PM 13-Jul-26,3517407,https://jobs.nvoids.com/job_details.jsp?id=3517407&uid=83f76db49c7c44a68da0dfbaa0cc1f6c,new
0,"JD Edwards EnterpriseOne Financial Consultant|| White Plains, NY (Onsite-Hybrid) || Contract","Edwards, New York, USA",11:10 PM 13-Jul-26,3517406,https://jobs.nvoids.com/job_details.jsp?id=3517406&uid=c9be108a98df41eba0bf5e1fb7c898da,new
0,"Archer Solution Architect: New York City, NY(Onsite Role)","New York City, New York, USA",11:10 PM 13-Jul-26,3517405,https://jobs.nvoids.com/job_details.jsp?id=3517405&uid=07b0d803bf904c98b728b5c1a42853dd,new
0,Enterprise Architect (API Integration) - New York - New Jersey,"York, New York, USA",11:10 PM 13-Jul-26,3517404,https://jobs.nvoids.com/job_details.jsp?id=3517404&uid=38223811295e4b4dbcd34242b1366daf,new
0,"Incident Management Specialist (Pega, Salesforce and Oracle EBS) -- NC or CA Onsite","Oracle, Arizona, USA",11:10 PM 13-Jul-26,3517403,https://jobs.nvoids.com/job_details.jsp?id=3517403&uid=9b88cd31cea64073b6ab1b924599957d,new
0,"Immediate Hiring Java ReactJS Developer--Charlotte, Dallas (Hybrid)","Dallas, Texas, USA",11:10 PM 13-Jul-26,3517402,https://jobs.nvoids.com/job_details.jsp?id=3517402&uid=97059caa49a14bd6865a8021aacd5964,new
0,"Only local candidates || Azure Cloud Architect || Dallas, TX (Hybrid 3 days in a week)","Dallas, Texas, USA",11:10 PM 13-Jul-26,3517401,https://jobs.nvoids.com/job_details.jsp?id=3517401&uid=4a0496da9fb64351aff5fa4975d91419,new
0,"Only local candidates || Azure Cloud Architect || Dallas, TX (Hybrid 3 days in a week)","Dallas, Texas, USA",11:10 PM 13-Jul-26,3517400,https://jobs.nvoids.com/job_details.jsp?id=3517400&uid=adccab8e73f1463ab50f9c41bc923a83,new
0,"Only local candidates || Azure Cloud Architect || Dallas, TX (Hybrid 3 days in a week)","Dallas, Texas, USA",11:10 PM 13-Jul-26,3517399,https://jobs.nvoids.com/job_details.jsp?id=3517399&uid=e2d2ba15355040fdb026ea807c1ba0fb,new
0,"Only local candidates || Azure Cloud Architect || Dallas, TX (Hybrid 3 days in a week)","Dallas, Texas, USA",11:10 PM 13-Jul-26,3517398,https://jobs.nvoids.com/job_details.jsp?id=3517398&uid=c8f96a9948704421b6381e70757274e8,new
0,"Only local candidates || Azure Cloud Architect || Dallas, TX (Hybrid 3 days in a week)","Dallas, Texas, USA",11:10 PM 13-Jul-26,3517397,https://jobs.nvoids.com/job_details.jsp?id=3517397&uid=8c04de44b74d4f2eaebc5f39409f6743,new
0,"AEM Deveoper (Looking for ex- Apple candidate) - Austin, TX - Hybrid Role (In Person Apple Interview is compulsory)","Austin, Texas, USA",11:10 PM 13-Jul-26,3517396,https://jobs.nvoids.com/job_details.jsp?id=3517396&uid=a7e8fccee14f4276a19aaabb10ca8a09,new
0,Salesforce Commerce Cloud (SFCC) Technical Lead | Only US,"Commerce, Georgia, USA",11:10 PM 13-Jul-26,3517395,https://jobs.nvoids.com/job_details.jsp?id=3517395&uid=95b1baa98c5643d5b9a4d241c315b674,new
39,Job Opportunity--.NET Solution Architecture/AWS,"Torrance, California, USA",11:10 PM 13-Jul-26,3517394,https://jobs.nvoids.com/job_details.jsp?id=3517394&uid=ff9bca95588f461c940ebb538e1e5621,new
39,"Urgent Hiring !! Business Systems Analyst !! Richmond, VA (Hybrid on-site 3 days a week) !! Need Local to Richmond, VA(No Relocation)","Richmond, Virginia, USA",11:10 PM 13-Jul-26,3517393,https://jobs.nvoids.com/job_details.jsp?id=3517393&uid=70b396b557224106b5f9f37fafb37689,new
39,Immediate Interview-AGILE COACH-remote,"Remote, Remote, USA",11:09 PM 13-Jul-26,3517392,https://jobs.nvoids.com/job_details.jsp?id=3517392&uid=df463bf4130b4363a735dbb6890c56e3,new
39,Looking for API Developer with AWS experience- Charlotte NC,"Charlotte, North Carolina, USA",11:09 PM 13-Jul-26,3517391,https://jobs.nvoids.com/job_details.jsp?id=3517391&uid=aafb3c7dcb6547a3b35c95e0ee6849e5,new
39,"Job opportunity - Principal Generative AI Engineer - Charlotte, NC (HYBRID) - F2F Interview","Charlotte, North Carolina, USA",11:09 PM 13-Jul-26,3517390,https://jobs.nvoids.com/job_details.jsp?id=3517390&uid=9a8d1a0f23b24fdbafe4318a8e206617,new
39,"Oracle Fusion PPM Consultant -Miami, FL(Onsite)","Miami, Florida, USA",11:09 PM 13-Jul-26,3517389,https://jobs.nvoids.com/job_details.jsp?id=3517389&uid=d0a272d3dbaa4291bf53fcc7d3485091,new
39,"NEED React Developer Charlotte, NC (3 days onsite)","Charlotte, North Carolina, USA",11:09 PM 13-Jul-26,3517388,https://jobs.nvoids.com/job_details.jsp?id=3517388&uid=92a9a904fcd84230bacec94780892641,new
39,C2C Position || Boomi Integration || Remote- USA,"Remote, Remote, USA",11:09 PM 13-Jul-26,3517387,https://jobs.nvoids.com/job_details.jsp?id=3517387&uid=477cf888936c4512b37f12600e03858f,new
39,Direct Clients - Immediate Interviews - Priority Requirements,"San Francisco, California, USA",11:08 PM 13-Jul-26,3517386,https://jobs.nvoids.com/job_details.jsp?id=3517386&uid=f6f988c751b4448a858347d959d0ff90,new
39,"React Developer Malvern, PA or Dallas, TX (Hybrid) Face to Face Mandatory","Malvern, Pennsylvania, USA",11:08 PM 13-Jul-26,3517385,https://jobs.nvoids.com/job_details.jsp?id=3517385&uid=1c004404231b4de486a34f8454aeb319,new
39,SALESFORCE WITH Financial Cloud (FSC) -- NJ/NY Local with DL,"Remote, Remote, USA",11:08 PM 13-Jul-26,3517384,https://jobs.nvoids.com/job_details.jsp?id=3517384&uid=ff43233732ba4a7e8efbfbd444d570da,new
39,"Java Developer / Local NC only / Location - Raleigh, NC / Hybrid / State of NC","Raleigh, North Carolina, USA",11:08 PM 13-Jul-26,3517383,https://jobs.nvoids.com/job_details.jsp?id=3517383&uid=291eeb6cddf244378277c7a76bb4e6c4,new
39,"Mainframe Developer AI or GenAI Exp____Berkeley Heights, NJ (Onsite)","Berkeley Heights, New Jersey, USA",11:08 PM 13-Jul-26,3517382,https://jobs.nvoids.com/job_details.jsp?id=3517382&uid=d8793ff064db48a0ab69601f7493840c,new
39,"Oracle Fusion PPM Consultant -Miami, FL(Onsite)","Miami, Florida, USA",11:07 PM 13-Jul-26,3517381,https://jobs.nvoids.com/job_details.jsp?id=3517381&uid=cf78701a941c4b4fa3db8aca60fdff76,new
39,"Oracle Fusion PPM Consultant -Miami, FL(Onsite)","Miami, Florida, USA",11:07 PM 13-Jul-26,3517380,https://jobs.nvoids.com/job_details.jsp?id=3517380&uid=bf9cbd20185c41f79ef6ce87b5fb80ab,new
39,Job Title: AEM Developer (Looking for ex- Apple candidate),"Austin, Texas, USA",11:07 PM 13-Jul-26,3517379,https://jobs.nvoids.com/job_details.jsp?id=3517379&uid=034664e8c31b4fd2a1b941c1976daf28,new
39,"Oracle Fusion PPM Consultant -Miami, FL(Onsite)","Miami, Florida, USA",11:07 PM 13-Jul-26,3517378,https://jobs.nvoids.com/job_details.jsp?id=3517378&uid=15490b0a9b0749899fd4eee642641ce6,new
39,"15 Developers required ::::Sr Salesforce Engineer in Phoenix, AZ","Phoenix, Arizona, USA",11:07 PM 13-Jul-26,3517377,https://jobs.nvoids.com/job_details.jsp?id=3517377&uid=7415c0bffb9746ccb5c77f280b7fa621,new
39,BSA Annuity with AI needed West Des Moines (Hybrid),"West, Texas, USA",11:07 PM 13-Jul-26,3517376,https://jobs.nvoids.com/job_details.jsp?id=3517376&uid=7aea97a350d346eda000e1d178c7907d,new
39,"Looking for Senior Siebel Developer at Ft. Worth, TX (Onsite only)","Worth, Illinois, USA",11:07 PM 13-Jul-26,3517375,https://jobs.nvoids.com/job_details.jsp?id=3517375&uid=0ae0eaf9837e418f9bfe5a47674bf2cc,new
39,Splunk Observability Technical Architect,"Remote, Remote, USA",11:07 PM 13-Jul-26,3517374,https://jobs.nvoids.com/job_details.jsp?id=3517374&uid=72dff9b38ca14203b21f3d92e80227cb,new
39,Looking for Backend Java API Engineer,"Phoenix, Arizona, USA",11:07 PM 13-Jul-26,3517373,https://jobs.nvoids.com/job_details.jsp?id=3517373&uid=615c68d6f1ab4f5fbf649aeafad04eea,new
39,"Contract || Azure Infra Architect/Sr. Project Manager with DevSecOps & On Premises Infrastructure & Azure || SOUTHFIELD, MA - Onsite","Southfield, Michigan, USA",11:06 PM 13-Jul-26,3517372,https://jobs.nvoids.com/job_details.jsp?id=3517372&uid=e4cae02d91cb46db8a5459cb2a8276d2,new
39,Only Locals Mobile Developer with React Native,"Alameda, California, USA",11:06 PM 13-Jul-26,3517371,https://jobs.nvoids.com/job_details.jsp?id=3517371&uid=6b222031107045b788ed58f26dea63a2,new
39,"MES IT Coordinator (OR) Manager-Cincinnati,OHIO(Onsite)","Cincinnati, Ohio, USA",11:06 PM 13-Jul-26,3517370,https://jobs.nvoids.com/job_details.jsp?id=3517370&uid=a0802106d70246a1b2f73a644d208432,new
39,Hybrid Role Infrastructure Manager role in Columbus OH,"Columbus, Ohio, USA",11:06 PM 13-Jul-26,3517369,https://jobs.nvoids.com/job_details.jsp?id=3517369&uid=372238feb53142d18315d4abf3118d0d,new
39,Urgent Job Opening for - Project Manager - Banking Domain | GA | Contract - C2C,"Alpharetta, Georgia, USA",11:05 PM 13-Jul-26,3517368,https://jobs.nvoids.com/job_details.jsp?id=3517368&uid=a30a2ca329f645a99f6f3f5601b3185d,new
39,"Urgent Requirement :: Solution Architect - Pharma Regulatory :: New Jersey, USA, minimum 3 - 4 days work from office :: Long Term Contract","Remote, Remote, USA",11:05 PM 13-Jul-26,3517367,https://jobs.nvoids.com/job_details.jsp?id=3517367&uid=99638c2330c946318e3728bccc5682c3,new
39,"Urgent Requirement :: Solution Architect - Pharma Regulatory :: New Jersey, USA, minimum 3 - 4 days work from office :: Long Term Contract","Remote, Remote, USA",11:05 PM 13-Jul-26,3517366,https://jobs.nvoids.com/job_details.jsp?id=3517366&uid=7c13a9c6c46d48f9ba8aa09516ece8ed,new
39,"Urgent Requirement :: Solution Architect - Pharma Regulatory :: New Jersey, USA, minimum 3 - 4 days work from office :: Long Term Contract","Remote, Remote, USA",11:05 PM 13-Jul-26,3517365,https://jobs.nvoids.com/job_details.jsp?id=3517365&uid=f3c8e865832246faa3aef67bed2c4fb0,new
39,Oracle Fusion Data Intelligence (FDI) Consultant,"New York, New York, USA",11:05 PM 13-Jul-26,3517364,https://jobs.nvoids.com/job_details.jsp?id=3517364&uid=e61d3e9fad3c45f7a65ada927a88e17a,new
39,"Technical Specialist - Senior || Raleigh, NC ( Onsite ) || MOI : F2F","Raleigh, North Carolina, USA",11:05 PM 13-Jul-26,3517363,https://jobs.nvoids.com/job_details.jsp?id=3517363&uid=1c430e0b3ac548789f3a5b45047b6b78,new
39,"ServiceNow Developer-SPM(Remote)(Locals to WI, MI, IL, IN, OH, or KY)","Remote, Remote, USA",11:05 PM 13-Jul-26,3517362,https://jobs.nvoids.com/job_details.jsp?id=3517362&uid=07707b66c7c9441db646cbe9dc626fb3,new
39,"Immediate Need - Sr. Accessibility Engineer - Atlanta, GA - Onsite","Atlanta, Georgia, USA",11:05 PM 13-Jul-26,3517361,https://jobs.nvoids.com/job_details.jsp?id=3517361&uid=2f0193ce5ac84b6ea9e55db6f562e6f7,new
39,- Oracle Fusion HCM Redwood Technical Consultant,"Redwood, New York, USA",11:04 PM 13-Jul-26,3517360,https://jobs.nvoids.com/job_details.jsp?id=3517360&uid=b4fd3cadd6684e22ac108527e57982b5,new
39,Oracle Fusion HCM Redwood Technical Consultant,"Redwood, New York, USA",11:04 PM 13-Jul-26,3517359,https://jobs.nvoids.com/job_details.jsp?id=3517359&uid=6172a3a20c6244afa5d4a6d8e3ad0359,new
39,Senior Rubyon Rails Developer || JD || Onsite role,"Dallas, Texas, USA",11:04 PM 13-Jul-26,3517358,https://jobs.nvoids.com/job_details.jsp?id=3517358&uid=df2a67448e564a938586f63669951769,new
39,"VRS - System Analyst 4 || Richmond, VA || F2F","Richmond, Virginia, USA",11:04 PM 13-Jul-26,3517357,https://jobs.nvoids.com/job_details.jsp?id=3517357&uid=48339d724d924de5a0a70f8abe578a1f,new
77,"New Requirement Oracle EBS Functional Consultant (Order Management & Supply Chain) -- Chula Vista, CA","Oracle, Arizona, USA",11:03 PM 13-Jul-26,3517356,https://jobs.nvoids.com/job_details.jsp?id=3517356&uid=2db8d2b80a6549249a2af8609d33ccf2,new
77,Azure Data Platform Architect- Grand Rapids Michigan,"Michigan, North Dakota, USA",11:03 PM 13-Jul-26,3517355,https://jobs.nvoids.com/job_details.jsp?id=3517355&uid=a003d31eb02741249d637cae3821f774,new
77,QA API with Java,"Remote, Remote, USA",11:03 PM 13-Jul-26,3517354,https://jobs.nvoids.com/job_details.jsp?id=3517354&uid=9ce4273fa6ff4125b6bb0c2b0e94fb69,new
77,"Urgent opening for SAP BTP Security Architect :: Raritan, NJ.","Raritan, New Jersey, USA",11:02 PM 13-Jul-26,3517353,https://jobs.nvoids.com/job_details.jsp?id=3517353&uid=4609ae6ec90e4ffd8c49b459fbdbd80d,new
77,"Endpoint Intune Engineer/Admin--New Jersey (NJ), Long Island City (NY) /Hybrid","Island, Kentucky, USA",11:02 PM 13-Jul-26,3517352,https://jobs.nvoids.com/job_details.jsp?id=3517352&uid=2fdc2267ce574fa2bd4e8a018ac46010,new
77,"Project Manager- Senior (806529) - Rocky Mount, NC 27804 (hybrid) - Locals only","Rocky, Oklahoma, USA",11:02 PM 13-Jul-26,3517351,https://jobs.nvoids.com/job_details.jsp?id=3517351&uid=d7a798fdaabb4837918249d0b76c1d15,new
77,"Onsite || Urgent need GEN AI Engineer || Mountain view, CA (Locals or nearby or within PST)","Mountain, Wisconsin, USA",11:02 PM 13-Jul-26,3517350,https://jobs.nvoids.com/job_details.jsp?id=3517350&uid=abe952dcac7b400f9532edc54ab68e64,new
77,Crucial requirements for Sr Technical Developer - Agentic AI for onsite,"Sunnyvale, California, USA",11:02 PM 13-Jul-26,3517349,https://jobs.nvoids.com/job_details.jsp?id=3517349&uid=7f4e376c18f542f59e8220618813a771,new
77,"Endpoint Intune Engineer/Admin--New Jersey (NJ), Long Island City (NY) /Hybrid","Island, Kentucky, USA",11:02 PM 13-Jul-26,3517348,https://jobs.nvoids.com/job_details.jsp?id=3517348&uid=26458278af2d4b3d9e5aa0b488dc3397,new
77,New Hotlist,"Remote, Remote, USA",11:02 PM 13-Jul-26,3517347,https://jobs.nvoids.com/job_details.jsp?id=3517347&uid=579fc8b3b7724474a34f3fde12ba113f,new
77,New Hotlist,"Remote, Remote, USA",11:02 PM 13-Jul-26,3517346,https://jobs.nvoids.com/job_details.jsp?id=3517346&uid=108e800f602b451696a9cad6d322265d,new
77,"Urgent Req: Data Analytics- SQLand airflow, snowflake and pyspark, Hybrid role- SFO, CA Try local","Snowflake, Arizona, USA",11:02 PM 13-Jul-26,3517345,https://jobs.nvoids.com/job_details.jsp?id=3517345&uid=62cc10420e874e02ae9ae7318d2bf883,new
77,.Net Developer-(Onsite Day-1),"Atlanta, Georgia, USA",11:02 PM 13-Jul-26,3517344,https://jobs.nvoids.com/job_details.jsp?id=3517344&uid=c019512e29884044b455508592e78c34,new
77,Senior Front-End Developer,"Remote, Remote, USA",11:01 PM 13-Jul-26,3517343,https://jobs.nvoids.com/job_details.jsp?id=3517343&uid=4138e5e9d22d4b8aba39a024f0953257,new
77,Bench consultants,"Remote, Remote, USA",11:01 PM 13-Jul-26,3517342,https://jobs.nvoids.com/job_details.jsp?id=3517342&uid=91ab520a86a546b88252296d4cba9b5e,new
77,"Python Developer || Location: LOCAL TO Jersey City, NJ - onsite","Remote, Remote, USA",11:01 PM 13-Jul-26,3517341,https://jobs.nvoids.com/job_details.jsp?id=3517341&uid=b9998eece545428fb448702478b3b539,new
77,Archer IRM Developer,"Remote, Remote, USA",11:01 PM 13-Jul-26,3517340,https://jobs.nvoids.com/job_details.jsp?id=3517340&uid=fc5ac961fde24ade8fcc6b1a7fc1bc57,new
77,"Business Analyst||Lansing, Michigan||hybrid + F2F","Remote, Remote, USA",11:01 PM 13-Jul-26,3517339,https://jobs.nvoids.com/job_details.jsp?id=3517339&uid=6a377faef67f4b85b3223b49d0109ea9,new
77,PRODUCTOWNER MANAGER SCRUM MASTER IMMEDIATELY AVAILABLE,"Remote, Remote, USA",11:01 PM 13-Jul-26,3517338,https://jobs.nvoids.com/job_details.jsp?id=3517338&uid=f9db30eb7dae44f6aa0e6a3ad28a0da7,new
77,IAM Profile,"Remote, Remote, USA",11:00 PM 13-Jul-26,3517337,https://jobs.nvoids.com/job_details.jsp?id=3517337&uid=889e7c598b5542f9b7cc3c14f18e61db,new
77,IAM Profile,"Remote, Remote, USA",11:00 PM 13-Jul-26,3517336,https://jobs.nvoids.com/job_details.jsp?id=3517336&uid=1906e4e537314e3cb8a7b29365974f10,new
77,Java Architect Profile,"Remote, Remote, USA",11:00 PM 13-Jul-26,3517335,https://jobs.nvoids.com/job_details.jsp?id=3517335&uid=511273b7db36414794719f8e902f6350,new
77,Senior Project Manager with deep Subject Matter Expertise (SME)----------Minneapolis MN (onsite),"Minneapolis, Minnesota, USA",11:00 PM 13-Jul-26,3517334,https://jobs.nvoids.com/job_details.jsp?id=3517334&uid=7a4d16ae86484560b4835f84f3ef1f87,new
77,Java Architect Profile,"Remote, Remote, USA",11:00 PM 13-Jul-26,3517333,https://jobs.nvoids.com/job_details.jsp?id=3517333&uid=54549f8df81f445a9619dd6f92602c94,new
